subject,model,start_s,end_exclusive_s,status,additional_limitation
subject1,mtts,0,30,failed_original_strict_timestamp_requirement,
subject1,bigsmall,0,30,failed_original_strict_timestamp_requirement,
subject1,mtts,30,60,failed_original_strict_timestamp_requirement,incomplete_second_window
subject1,bigsmall,30,60,failed_original_strict_timestamp_requirement,incomplete_second_window
subject4,mtts,0,30,failed_original_strict_timestamp_requirement,
subject4,bigsmall,0,30,failed_original_strict_timestamp_requirement,
subject4,mtts,30,60,failed_original_strict_timestamp_requirement,incomplete_second_window
subject4,bigsmall,30,60,failed_original_strict_timestamp_requirement,incomplete_second_window
subject5,mtts,0,30,failed_original_strict_timestamp_requirement,
subject5,bigsmall,0,30,failed_original_strict_timestamp_requirement,
subject5,mtts,30,60,failed_original_strict_timestamp_requirement,incomplete_second_window
subject5,bigsmall,30,60,failed_original_strict_timestamp_requirement,incomplete_second_window
