frequency_hz,raw_ppg_hann_psd,raw_ppg_boxcar_psd
0,0.085809919816125083,1.8698925160794354e-33
0.033333333333333333,0.18812535445489595,0.26709862987762589
0.066666666666666666,0.25125760957462168,0.36043964495830294
0.10000000000000001,0.1826353832099997,0.045082759258039083
0.13333333333333333,0.024159083973034318,0.031143758210592468
0.16666666666666666,0.0068409918865604026,0.045886299398649751
0.20000000000000001,0.00029785797947647796,0.0066057639905735301
0.23333333333333334,0.0018038765574242984,0.0046423112308849081
0.26666666666666666,0.0026854851719855378,0.007010069654578374
0.29999999999999999,0.0049099867108433259,0.0019061843063244524
0.33333333333333331,0.0011148749517817475,0.0045350145664832401
0.36666666666666664,0.0092597616397338909,0.016432724292702514
0.40000000000000002,0.017286325349753728,0.0042279792230711048
0.43333333333333335,0.098858790241856828,0.10963545529921818
0.46666666666666667,0.068090397884303239,0.029128259485978483
0.5,0.0030914570800581872,0.0015250186314059912
0.53333333333333333,0.0010427514716232699,0.00061109773244343783
0.56666666666666665,0.00020164039949089861,0.00068632802646533594
0.59999999999999998,0.0033344152995635973,0.0038338113804548069
0.6333333333333333,0.0081803514856488638,0.0020837853918770095
0.66666666666666663,0.0054796650594150604,0.0050703705377784843
0.69999999999999996,0.0037810221021372789,0.0010040203859867916
0.73333333333333328,0.0028568140288411934,0.013037432914909927
0.76666666666666661,0.0043982777925988085,0.0076878485587679622
0.80000000000000004,0.012178759577667434,0.037351726853613619
0.83333333333333337,0.0083778717315524647,0.0019794013040335245
0.8666666666666667,0.0053433386757150859,0.010698437640436117
0.90000000000000002,0.0085556373343464043,0.0004343360383828092
0.93333333333333335,0.0072779350169163261,0.020509436007035135
0.96666666666666667,0.012104889285596639,0.011539083334907831
1,0.012983118316437255,0.075699405098046887
1.0333333333333332,0.0050459171084523561,0.03584121447187847
1.0666666666666667,0.0034024565093249718,0.078747080913554618
1.1000000000000001,0.0018661131483414803,0.054854966832267094
1.1333333333333333,0.0065852044373793418,0.075138437356019189
1.1666666666666667,0.015584051775922196,0.034275150767587963
1.2,0.010976632002850007,0.085112321926138323
1.2333333333333334,0.0084034094847639518,0.092853291530838808
1.2666666666666666,0.01679920962936796,0.30793207987600441
1.3,0.0047677382101649901,0.27212885504531703
1.3333333333333333,0.04884651730112885,0.27970272941070429
1.3666666666666667,0.010263302272083408,0.16689875979176944
1.3999999999999999,0.073384800886197712,0.62733125851432825
1.4333333333333333,0.8367663558231514,1.6964320794104817
1.4666666666666666,1.0770399986587493,0.12714737902321233
1.5,2.2732825901047011,0.34772165710762942
1.5333333333333332,4.6099152278505802,5.4367052065546506
1.5666666666666667,3.299925694031717,5.0944718670927607
1.6000000000000001,0.27139345638399792,0.26176018972086662
1.6333333333333333,0.36509518655445061,0.16226944406485316
1.6666666666666667,0.43682201165355244,0.12425527936268041
1.7,0.41550393397551211,0.89683925111171314
1.7333333333333334,0.5184050982224705,1.3012886561797152
1.7666666666666666,0.93446704003807401,0.70464216876049057
1.8,0.43383540015313121,0.18317071824451062
1.8333333333333333,0.2785790293597582,0.36266933494732156
1.8666666666666667,0.094482550716054658,0.12888625456135144
1.8999999999999999,0.057106114032564617,0.023586890083011246
1.9333333333333333,0.033947807248375705,0.03183009755679677
1.9666666666666666,0.011149137056238958,0.020141947562955613
2,0.0060268852146953432,0.031050503558316803
2.0333333333333332,0.0034239239912410742,0.031788697840295949
2.0666666666666664,0.0029837428520374859,0.0078576945334484141
2.1000000000000001,0.00058464892400571212,0.017708238120838563
2.1333333333333333,0.0001449706805355134,0.015273876423442962
2.1666666666666665,0.00073354152808579069,0.010442384673801935
2.2000000000000002,0.0032957893660458194,0.0055734738075604038
2.2333333333333334,0.00066142560771080246,0.015753584405149103
2.2666666666666666,0.0001446023709309675,0.01623214590970477
2.2999999999999998,0.00040701643987085562,0.020301523048812737
2.3333333333333335,0.0024013314377082226,0.011944751330720055
2.3666666666666667,0.0049926823225325146,0.038305059892642615
2.3999999999999999,0.006988488256334387,0.018140348967266892
2.4333333333333331,0.0042842237624769741,0.02603104451779056
2.4666666666666668,0.0015142310267751574,0.02739743273197897
2.5,0.0058954302601559542,0.075140627700356066
2.5333333333333332,0.0063731509708884297,0.049648936261987804
2.5666666666666664,0.0045902353324184381,0.055156661533901787
2.6000000000000001,0.00067469195605333139,0.065411103015910202
2.6333333333333333,0.0036642634615379082,0.087064485024303404
2.6666666666666665,0.014396941372424059,0.086922259918256306
2.7000000000000002,0.016061797177150068,0.087993486580274463
2.7333333333333334,0.0034100151098730865,0.12209234399603389
2.7666666666666666,0.007761951750568272,0.10327609301535118
2.7999999999999998,0.024230954604481072,0.18420566075554368
2.8333333333333335,0.0064706888767496655,0.25257926956618115
2.8666666666666667,0.017841649691354849,0.18143820152666207
2.8999999999999999,0.010349307184479205,0.015440469455225665
2.9333333333333331,0.057352576056372222,0.026020918943665226
2.9666666666666668,0.60450616069979268,0.65194037087739665
3,0.90339839704148506,0.50233713238261535
3.0333333333333332,0.77388888893333008,0.34673963765925769
3.0666666666666664,0.7409827409343086,0.74275534329337489
3.1000000000000001,0.64899095819284269,1.6875603893687765
3.1333333333333333,0.034351334097085996,0.16249772477915553
3.1666666666666665,0.15368390946184909,0.030715601451675029
3.2000000000000002,0.31864380259558539,0.22425020079911764
3.2333333333333334,0.08744043247779669,0.29461506638334828
3.2666666666666666,0.1667287745214249,0.6203087259611495
3.2999999999999998,0.12019470378127349,0.0048087854488750321
3.3333333333333335,0.18466458768063479,0.26867467577531917
3.3666666666666667,0.085280932422928918,0.12825618830267485
3.3999999999999999,0.17185293798346377,0.24542485690646237
3.4333333333333331,0.016043111594984123,0.0089547267633522196
3.4666666666666668,0.012304006621923571,0.025996792746400186
3.5,0.084421012243478935,0.11776684488518202
3.5333333333333332,0.14990642670335333,0.18868308686713678
3.5666666666666664,0.20747781028583517,0.18669014376302967
3.6000000000000001,0.24689886440601441,0.17127301420083249
3.6333333333333333,0.18992564319548816,0.17783140260034894
3.6666666666666665,0.12355159502521604,0.12310104388145113
3.6999999999999997,0.052457816551598993,0.01830623723930579
3.7333333333333334,0.02510690063127588,0.016319578453313884
3.7666666666666666,0.013674477077799865,0.030620003617410962
3.7999999999999998,0.0061820853592190412,0.011003246164291028
3.8333333333333335,0.0034665260257912126,0.0038200054604708746
3.8666666666666667,0.0031753756008194118,0.0097840733005516694
3.8999999999999999,0.0030505325298244177,0.0003171315792048667
3.9333333333333331,0.0026073892835033236,0.0056366650170816528
3.9666666666666668,0.001011725070232684,0.0078179108482961442
4,0.0014954448743047534,0.011389591385269184
4.0333333333333332,0.002800998765880127,0.011353458067420292
4.0666666666666664,0.003723779096916817,0.0056552672284661109
4.0999999999999996,0.0032171988980418597,0.017642752541328729
4.1333333333333329,0.00122121268948853,0.007617476853934998
4.166666666666667,0.0026459313543574377,0.01524622876282798
4.2000000000000002,0.0068851792680988608,0.0034958596713061544
4.2333333333333334,0.0082518678988116826,0.036273073375957303
4.2666666666666666,0.00019419156345758468,0.012238635843194864
4.2999999999999998,0.0011310818250484208,0.009042071147715788
4.333333333333333,0.0048072590051893207,0.010658283172377799
4.3666666666666663,0.0021754280240225505,0.037192920455190667
4.4000000000000004,0.016333773454960458,0.048076176353718005
4.4333333333333336,0.01381052874703682,0.0027051199627257634
4.4666666666666668,0.023598093226691947,0.010315855374015324
4.5,0.10081436484995819,0.099936311874120054
4.5333333333333332,0.14755432709434163,0.080531153737045127
4.5666666666666664,0.095071956024539592,0.079393787826228454
4.5999999999999996,0.032962580819734834,0.0071755566301162808
4.6333333333333329,0.028529288021839665,0.10916084700102441
4.666666666666667,0.0012396231656807242,0.027248147483656077
4.7000000000000002,0.012638358674079956,0.002133931552306029
4.7333333333333334,0.018157679976857802,0.0079177535276254325
4.7666666666666666,0.0030363675299691258,0.023670583400431929
4.7999999999999998,0.020462134883595259,0.085558095354472952
4.833333333333333,0.025627654297417774,0.024250185129160013
4.8666666666666663,0.016292762561492945,0.021595634752448675
4.9000000000000004,0.0032024637086067354,0.0060745655821527579
4.9333333333333336,0.012480445128032159,0.0074479621399889499
4.9666666666666668,0.020324758140216146,0.02226391045195451
5,0.0017862661498364595,0.0032116623838279426
5.0333333333333332,0.0031392903348313838,0.016728713579057926
5.0666666666666664,0.0008306644252191798,0.0070403975807020588
5.0999999999999996,0.0019806827923331501,0.011182059538583979
5.1333333333333329,0.0049334351081116879,0.011891452377723148
5.166666666666667,0.0045017136256535585,0.0012591830761434079
5.2000000000000002,0.0040295954018190611,0.0041202440020223679
5.2333333333333334,0.0016093168954394498,0.0034327461857349283
5.2666666666666666,0.00054505576298247702,0.0023449556032612939
5.2999999999999998,0.0025394167211138332,0.0051034279702037192
5.333333333333333,0.0071176742270465648,0.0025849030597484197
5.3666666666666663,0.0085903553502581394,0.0076837106459816109
5.4000000000000004,0.0072855805418762815,0.015354861557372066
5.4333333333333336,0.0066181438387915639,0.0089650969825744165
5.4666666666666668,0.0050577516112025296,0.00061581008110747615
5.5,0.0074716213632577341,0.0069958143305509646
5.5333333333333332,0.005579917402508211,0.0061552633165967647
5.5666666666666664,0.0018556195558907152,0.0013714066024655149
5.5999999999999996,1.1755825280170174e-05,0.00016849281858063487
5.6333333333333329,0.00028264943487732685,6.9149734957064539e-05
5.666666666666667,0.00042500533474023038,0.00026851938969334714
5.7000000000000002,0.00023025007876370629,0.00017220313226615571
5.7333333333333334,0.00018741975253816896,3.5876448971428747e-05
5.7666666666666666,0.00082901619180182488,0.0013068776866139165
5.7999999999999998,0.002245028761707886,0.0019990576556888065
5.833333333333333,0.0005199667338429317,0.0018568558218148407
5.8666666666666663,0.00036963786938670366,0.0042922786124949316
5.9000000000000004,0.00021660061281104668,0.0044539552505658457
5.9333333333333336,0.0012480876325990221,0.0053771608915161393
5.9666666666666668,0.0037082542826074268,0.00056495675620088742
6,0.0064641728425423811,0.0076101685223621714
6.0333333333333332,0.0048616699936341367,0.0021792686194887735
6.0666666666666664,0.0099270099832587388,0.0077022950785301776
6.0999999999999996,0.0096956156721450595,0.0085054189014414916
6.1333333333333329,0.0020266867461778571,0.0019544136703541601
6.166666666666667,0.00014417543824781382,0.0043741291673097815
6.2000000000000002,0.0018367159740333915,0.0082401524220290095
6.2333333333333334,0.00014025274929531975,0.00094137955047401511
6.2666666666666666,0.0005708712093968315,0.0014800377095024763
6.2999999999999998,0.00024394927500070814,0.001093544259772811
6.333333333333333,0.0010226856235985946,0.0028880828529821503
6.3666666666666663,0.0047001853602553429,0.0072248150896373443
6.4000000000000004,0.003393986693409845,0.00076697611354167221
6.4333333333333336,0.00053676553153034396,0.0011013907853751898
6.4666666666666668,0.0013167446563403186,0.0041807932301627356
6.5,0.0035115837132725235,0.010068658708011229
6.5333333333333332,0.00051603393127461845,0.0010018409949912131
6.5666666666666664,0.00037735431842819564,0.0030997753992345997
6.5999999999999996,0.0014161559285556622,0.005915408003015845
6.6333333333333329,0.00040010108761800138,0.0010554703118308851
6.666666666666667,0.00037975308277622515,0.00032372069727883601
6.7000000000000002,5.1944722759133978e-05,0.00021315006942763999
6.7333333333333334,0.00012066883445910662,0.00086586865185676995
6.7666666666666666,2.8576216032479183e-05,0.0015047819645919746
6.7999999999999998,0.0005728860146906275,0.0028557282595141425
6.833333333333333,0.00020165883960413775,0.00055107820201452011
6.8666666666666663,0.00021636025886362229,0.00055829086159671414
6.8999999999999995,0.0006599690051434467,0.0005065354922840511
6.9333333333333336,0.00094622822801519063,0.0014570204789231679
6.9666666666666668,0.00040414741273918017,0.00016803676896090671
7,0.0001061708899793424,0.00024719829223443263
7.0333333333333332,0.00012878492140559904,0.00070734525400108228
7.0666666666666664,5.7234882843864401e-05,0.00083936934333875214
7.0999999999999996,7.8720689119748046e-05,0.0011895420012664722
7.1333333333333329,0.0010596372230617967,0.0013167672879766943
7.166666666666667,0.0020490733724267585,0.00081188534404909145
7.2000000000000002,0.0026916317609075968,0.0056447754225965926
7.2333333333333334,0.0010634304937496863,0.0019622242401125399
7.2666666666666666,0.00057132927324653811,0.0001351103260661057
7.2999999999999998,0.0011536668376182758,0.00025288073005381951
7.333333333333333,0.0029658637889788389,0.0059677880933366664
7.3666666666666663,0.00033996133468773657,0.00058527572493810619
7.3999999999999995,0.0001892375981492342,0.00027527501282897108
7.4333333333333336,4.8220323145761827e-05,0.00049553507584410602
7.4666666666666668,0.00014523856246227791,0.00035591696611941977
7.5,0.00074297154741624139,0.00010389277968088184
7.5333333333333332,0.0018044179920983963,0.0040385351113484194
7.5666666666666664,0.00061401892303740479,0.00096479742291559641
7.5999999999999996,0.0012881861891485095,0.0039202429855855455
7.6333333333333329,0.00073516531137482878,0.00012375745825025515
7.666666666666667,9.4004131164875175e-05,0.0010028038462201144
7.7000000000000002,0.00026630744764242429,0.0012198855354537308
7.7333333333333334,0.00045775363269188411,0.00042492130334890912
7.7666666666666666,1.6038075035801179e-05,2.8158967346416878e-06
7.7999999999999998,0.00018799470266772273,0.0006247499707963196
7.833333333333333,0.0003938161107908689,0.00059098781327913714
7.8666666666666663,0.00067149921832313842,0.0025369317071020575
7.8999999999999995,0.00081039697215924765,0.0014783964437304375
7.9333333333333336,0.0014303659142248166,0.00092743862869088119
7.9666666666666668,0.00076515832193552679,0.0007174314866690161
8,0.0001938844488552362,0.00045505411991018187
8.0333333333333332,0.00020008077871789084,0.00078604480530830318
8.0666666666666664,0.00051538340123819372,0.0002303701202573538
8.0999999999999996,1.2628169452844904e-05,0.0004012707270268503
8.1333333333333329,0.00073025045990861401,0.0022323013225520566
8.1666666666666661,0.00027814225564714104,0.00044110018343893569
8.1999999999999993,9.3479728150378647e-05,6.5150542420336658e-05
8.2333333333333325,0.00011709474364950537,0.00037418684700129363
8.2666666666666657,8.803271532974299e-05,0.00011904171903061401
8.3000000000000007,0.00053134321668217143,0.00032858765686140579
8.3333333333333339,0.00054703277788051589,0.0013075987999883181
8.3666666666666671,0.00017991426206155563,0.00020151443426875214
8.4000000000000004,0.00053288696519741775,0.0011702386890385817
8.4333333333333336,0.00014625484756517444,3.4455492146208492e-05
8.4666666666666668,0.00015244576961437621,0.00021981613209497543
8.5,0.00013050079395769866,0.00021626447174397142
8.5333333333333332,1.8389587893516284e-05,3.2512749235119323e-05
8.5666666666666664,5.5579446886092792e-05,6.2681362702691698e-05
8.5999999999999996,8.7815664439593012e-05,0.00033923715278529493
8.6333333333333329,0.00013240891046493151,0.0002329051514207962
8.6666666666666661,0.00022105621326590899,0.00012879022290960084
8.6999999999999993,0.00029368288080941745,0.00046758253377482352
8.7333333333333325,0.00020441799361908431,0.00011535384024898564
8.7666666666666657,0.00027044599040693026,8.1991896964635401e-05
8.8000000000000007,0.00022678111933950796,0.00053923169980781601
8.8333333333333339,2.5980223402355303e-06,0.00021064376883545618
8.8666666666666671,0.00020878778183911506,0.00043654106141438674
8.9000000000000004,0.0001029070414368779,6.849122581204909e-06
8.9333333333333336,2.3506552407280907e-05,5.3622874745774638e-05
8.9666666666666668,0.00014983168855386904,0.00021116679344323407
9,0.00023943939369015197,0.00024496678483126383
9.0333333333333332,0.00028515868287412068,0.00020363570265686796
9.0666666666666664,8.6662022456737361e-05,0.0003518293113058645
9.0999999999999996,1.4033815402042539e-05,0.00034692556243208511
9.1333333333333329,3.7063365893291821e-05,0.00022044839746939338
9.1666666666666661,7.6756658518024285e-05,0.00024259185434921717
9.1999999999999993,8.4033704366613701e-05,0.0005883603987203147
9.2333333333333325,0.0001057794592009025,0.00047282491825075305
9.2666666666666657,6.5438811722908042e-06,0.00011672025188207047
9.3000000000000007,0.00016850476918461201,9.5062453401208578e-05
9.3333333333333339,6.6857131142077585e-05,0.0002455085079579966
9.3666666666666671,2.6521430174631748e-05,0.00011048044248525498
9.4000000000000004,6.0147290841323063e-05,0.00031598390070869658
9.4333333333333336,0.00045692143489873378,0.00087436866740860336
9.4666666666666668,0.00030951735349123459,0.00064029237323761669
9.5,2.2831012737715033e-05,0.00015504027675757194
9.5333333333333332,0.00026895339897711442,0.00021836198356188936
9.5666666666666664,2.2414346365109726e-05,2.0574556372271771e-05
9.5999999999999996,0.00012362607045154458,0.00014958032711835496
9.6333333333333329,3.67897330785532e-05,1.6127713636413946e-05
9.6666666666666661,0.00030234344725866755,0.00065962400233265581
9.6999999999999993,0.00010806678859614003,9.0139410783815369e-05
9.7333333333333325,3.0851645727866551e-06,5.9626447189901396e-05
9.7666666666666657,2.157987080628799e-05,0.00021145360452724874
9.8000000000000007,0.00015697413759573937,0.00039693720010726023
9.8333333333333339,0.00016144561909809603,2.5154314684892006e-05
9.8666666666666671,4.5104955200129145e-05,4.9206001625940508e-05
9.9000000000000004,5.1658326575722688e-05,0.00016278401669084087
9.9333333333333336,0.00024617173234163265,0.00055470002413727062
9.9666666666666668,5.9903926978003457e-05,3.3012325880343186e-05
10,0.00011323976436779558,0.00026952220678201307
10.033333333333333,2.1091639585244857e-08,9.0126454059565565e-05
10.066666666666666,0.00019099599881530511,0.00025034906559588378
10.1,0.00013597031214296199,7.323759223739727e-05
10.133333333333333,3.8779506854941741e-05,0.00013595359314268825
10.166666666666666,5.9376603718483673e-06,7.0522966258509796e-05
10.199999999999999,0.00013702975188225233,0.00029352261955417294
10.233333333333333,4.1049549169733146e-05,0.00017388139223655904
10.266666666666666,7.9898002563031059e-05,0.00025590511007860526
10.300000000000001,0.00013856306472830293,0.00018626116005523549
10.333333333333334,0.00012924170820921883,1.890612761990551e-05
10.366666666666667,4.3356712294962599e-05,5.852351917841461e-05
10.4,0.00018248052201779699,0.00064939668038223959
10.433333333333334,2.9980436447155812e-05,0.00030302020366890892
10.466666666666667,2.2828001850808952e-06,0.00018529743036425572
10.5,2.6281239579453767e-05,0.00019554486856699469
10.533333333333333,5.4215981125306089e-05,0.00011075011208012465
10.566666666666666,0.00012537266912909196,4.5883809038811233e-05
10.6,1.809317839187583e-05,2.9683411955609697e-05
10.633333333333333,3.4147126226407273e-05,0.0001118852820969986
10.666666666666666,9.4899029174823758e-06,2.5696529070495309e-05
10.699999999999999,2.1320222607361759e-05,4.0903214304624988e-05
10.733333333333333,4.9406431931521855e-05,0.00039968718338536719
10.766666666666666,5.2216270282371679e-06,0.00027674070433988019
10.800000000000001,8.0973819208220776e-05,0.0001748743442624841
10.833333333333334,0.00018175766116030305,6.5986166236575383e-05
10.866666666666667,0.00011476274963757459,0.00016247524666037231
10.9,0.00012618114808273157,2.2567770484458755e-05
10.933333333333334,2.3529427499426404e-06,0.00013396904355916233
10.966666666666667,8.6056098424045746e-05,0.00059062600907076575
11,2.9071936952268101e-05,0.00021133264042827544
11.033333333333333,4.7863403952438853e-05,0.00010848950525330938
11.066666666666666,7.9007913328139014e-05,0.00013378012906894218
11.1,0.00022661348230746227,0.00018584808661451519
11.133333333333333,0.00013577828391607736,0.00038222069032423772
11.166666666666666,2.0910023518219241e-05,5.1291412214767407e-05
11.199999999999999,7.9872719061955185e-05,2.812448057030075e-07
11.233333333333333,7.226344974981013e-05,0.00027233954351316646
11.266666666666666,6.0194844619903782e-05,0.00016911110754572612
11.300000000000001,6.5715524002660073e-05,0.00010933225765971025
11.333333333333334,0.00011182240869822495,0.00010451719056065248
11.366666666666667,0.00023846195147297846,0.00027289590819567307
11.4,6.090235969404366e-06,8.7009646441426261e-05
11.433333333333334,7.5803804356632901e-05,8.628620101718e-05
11.466666666666667,0.00022057822340511014,0.00046224455815614338
11.5,0.00012184455409664087,0.00017015985036668665
11.533333333333333,1.2288002882817698e-05,0.00019274995541341525
11.566666666666666,2.4204252275621146e-06,0.00017423351955338793
11.6,0.00019766168167971999,0.00023742539066547267
11.633333333333333,0.00041401714350073091,0.00024700955044414807
11.666666666666666,2.3131171671418518e-05,1.4355390379788121e-05
11.699999999999999,2.2328208100643863e-06,0.0001665010435540907
11.733333333333333,0.00013466545700717905,0.00050347604793628069
11.766666666666666,4.806895251049832e-05,1.7144512828862821e-05
11.800000000000001,3.2210333188112068e-05,4.1999669184684434e-05
11.833333333333334,8.0556239296472549e-05,3.7587686926758318e-05
11.866666666666667,7.3854788207614183e-05,0.00011420092440076863
11.9,1.0454974743841044e-06,0.00039418956410353778
11.933333333333334,0.00012706012408649612,0.00091851244631186086
11.966666666666667,0.00025892292050380179,0.00060738414481062799
12,0.0001293593198060954,7.2141178724029458e-05
12.033333333333333,1.000285628960565e-05,0.00021241294816226559
12.066666666666666,4.6532768866209938e-05,0.00025345495438841944
12.1,7.5965657392254099e-05,1.5038636803449791e-05
12.133333333333333,1.4878995041583082e-06,6.2972738355116596e-05
12.166666666666666,9.1982709868917054e-05,0.00035968961667392249
12.199999999999999,4.7428639633879005e-05,0.00015615460733562562
12.233333333333333,5.4505354229794674e-05,4.436052828805046e-05
12.266666666666666,0.00012287750994998894,0.00031163806321186471
12.300000000000001,6.3281672218446359e-05,4.0574516322309019e-05
12.333333333333334,2.5151714145239554e-05,2.968396139322505e-05
12.366666666666667,8.5647570615639797e-05,0.00020712081714822439
12.4,7.8900576527591123e-05,0.00011151233164843571
12.433333333333334,9.3856290547456134e-05,1.8948933526111233e-05
12.466666666666667,1.1275660871624926e-05,4.2798683821800555e-05
12.5,5.4569271728652449e-05,0.00017993291213330728
12.533333333333333,3.1824351693400814e-05,0.00011799371452576296
12.566666666666666,1.7879488979523592e-05,5.2063446112812833e-06
12.6,7.3027404986081465e-06,6.7351029161209539e-06
12.633333333333333,1.4114887933606008e-06,3.5250112744487435e-05
12.666666666666666,8.1974159993605724e-05,8.7537398828651554e-05
12.699999999999999,0.0002580596703177529,8.3357770902375323e-05
12.733333333333333,3.8105331605180091e-05,0.00018697194193099099
12.766666666666666,0.00016288957067978304,0.00043527040681187756
12.800000000000001,0.00018437801309486681,1.9096244836811583e-05
12.833333333333334,1.3564152944893046e-05,5.1936846110692969e-05
12.866666666666667,2.1755775415189853e-06,0.00019083524590959256
12.9,0.00029309835397346782,0.00045029031927617451
12.933333333333334,0.00042952255484562257,0.00029902054288414442
12.966666666666667,4.2876396096204515e-05,0.00013843358601448811
13,7.8943574748575674e-06,0.00013330049838474777
13.033333333333333,5.0072051785075651e-06,0.00017847236958484192
13.066666666666666,2.4340852832966638e-06,0.00032754754614323797
13.1,1.6561831537079261e-05,0.00036831844635422059
13.133333333333333,0.00011203724254228026,0.00035936685776705607
13.166666666666666,0.00033521763600263463,7.8896359663737525e-05
13.199999999999999,9.6297325129012109e-05,0.00022428086481709629
13.233333333333333,2.0842938488050586e-05,0.00014298394214578886
13.266666666666666,1.6609143623886713e-05,0.00012908023940103202
13.299999999999999,1.7408657324496967e-05,7.8978774944977412e-05
13.333333333333334,0.00011396226065291531,0.00024808398215144428
13.366666666666667,0.00015496907818204393,0.00030628324486913329
13.4,2.8316707439518578e-05,3.0805690004875618e-05
13.433333333333334,5.6484440061057772e-06,6.6360917414786142e-05
13.466666666666667,6.6319932094995805e-05,0.00025713776896739481
13.5,2.1862569501451726e-05,0.00020793816755936511
13.533333333333333,7.5364355050905687e-05,0.00039278069495558463
13.566666666666666,4.0304597682358059e-05,8.8685574045483493e-05
13.6,7.8712284867267444e-06,3.5336871564580505e-05
13.633333333333333,0.00011274476853197442,7.6877098207923242e-05
13.666666666666666,3.5043183294607428e-05,7.7448484901272572e-05
13.699999999999999,6.221868472427147e-05,0.00031738205367659779
13.733333333333333,2.4595047300939371e-05,9.1653341062379454e-05
13.766666666666666,0.0001510483751706828,2.3285980478549806e-05
13.799999999999999,0.00024604257257246608,0.00051569310683370509
13.833333333333334,0.00017215278025377548,0.0002317210936302782
13.866666666666667,0.00013452509593268218,8.1152971297844453e-05
13.9,1.6416035903892967e-05,2.1413965318464859e-05
13.933333333333334,1.2326196880837509e-06,3.8432111124567109e-05
13.966666666666667,5.8606906156415231e-05,0.00022951325812123818
14,3.6208286771375353e-05,5.2554138940667049e-05
14.033333333333333,2.2043235029527957e-05,5.3249649060640037e-05
14.066666666666666,3.0227068630744636e-05,0.0002347844608788994
14.1,4.7548055613355597e-06,0.00010827231492301811
14.133333333333333,2.6982305617258372e-05,4.9247637907759471e-05
14.166666666666666,2.9112993406447423e-05,0.00028323628941676911
14.199999999999999,4.9410710062420851e-05,0.00022657603168966606
14.233333333333333,0.00029405775999856264,4.3589158587766378e-05
14.266666666666666,5.8737633939235657e-05,0.00032041249513559047
14.299999999999999,9.0605409636695974e-05,0.00048748176083293876
14.333333333333334,0.00011443143939329068,9.7835959012466357e-06
14.366666666666667,1.114110333198863e-05,0.00013675734685754805
14.4,1.0235427889487395e-05,0.00030352664933100469
14.433333333333334,3.2490899224579613e-05,0.00030566275402823292
14.466666666666667,4.4170061249862027e-05,0.00013536049688792683
14.5,0.00011514583746531115,3.042089447217263e-05
14.533333333333333,9.402340642511091e-05,0.0002694958600891624
14.566666666666666,4.4109714896196793e-05,0.00012745076727062603
14.6,2.1607776314125605e-05,6.5124464510068548e-05
14.633333333333333,4.5471588308525199e-05,8.7812523203780396e-05
14.666666666666666,5.3716109336224169e-05,0.00011681878314446698
14.699999999999999,3.5273028575644847e-05,2.3839275236845763e-05
14.733333333333333,1.4769503720713202e-05,7.5522127844291617e-05
14.766666666666666,9.5608975751458239e-06,1.8295266319072135e-05
14.799999999999999,4.2429243083562153e-05,5.482579913733676e-05
14.833333333333334,4.8239081169191416e-07,0.00013237266314360401
14.866666666666667,6.4907117199336276e-05,0.00034465047365724922
14.9,2.9346857600011256e-05,6.2232917214990547e-05
14.933333333333334,2.9872584613315529e-05,4.3974405552640891e-05
14.966666666666667,3.433246040601573e-05,1.6484842486453695e-05
15,5.6105953333195757e-05,4.8805430256017613e-05
